dma,2015+diarrhea,2015+obesity,2015+diabetes,2015+cancer,2015+depression
Portland-Auburn ME,68,48,73,67,70
New York NY,56,46,63,64,55
Binghamton NY,84,67,75,64,69
Macon GA,71,60,73,66,68
Philadelphia PA,67,56,72,71,63
Detroit MI,69,46,65,67,61
Boston MA-Manchester NH,62,58,71,69,64
Savannah GA,67,69,67,68,64
Pittsburgh PA,73,54,72,73,67
Ft. Wayne IN,71,64,78,66,81
Cleveland-Akron (Canton) OH,69,59,71,69,64
Washington DC (Hagerstown MD),56,47,62,60,50
Baltimore MD,64,74,80,71,61
Flint-Saginaw-Bay City MI,73,64,70,69,77
Buffalo NY,72,55,74,72,66
Cincinnati OH,72,54,73,68,65
Erie PA,80,63,70,68,77
Charlotte NC,65,52,65,63,58
Greensboro-High Point-Winston Salem NC,64,68,75,66,63
Charleston SC,68,66,74,70,61
Augusta GA,76,31,61,61,56
Providence RI-New Bedford MA,66,59,68,65,65
Columbus GA,74,70,74,66,68
Burlington VT-Plattsburgh NY,66,66,67,65,70
Atlanta GA,63,45,64,65,54
Albany GA,67,65,82,69,66
Utica NY,77,77,75,73,86
Indianapolis IN,65,68,82,68,71
Miami-Ft. Lauderdale FL,51,46,61,62,46
Louisville KY,76,53,81,69,65
Tallahassee FL-Thomasville GA,58,79,77,65,68
Tri-Cities TN-VA,89,60,85,78,70
Albany-Schenectady-Troy NY,71,57,70,68,69
Hartford & New Haven CT,63,65,74,74,69
Orlando-Daytona Beach-Melbourne FL,65,40,67,66,49
Columbus OH,67,55,71,69,65
Youngstown OH,79,65,77,72,68
Bangor ME,66,65,84,71,79
Rochester NY,71,65,72,72,67
Tampa-St. Petersburg (Sarasota) FL,68,49,68,72,53
Traverse City-Cadillac MI,70,57,69,64,76
Lexington KY,87,80,79,73,72
Dayton OH,74,56,73,68,64
Springfield-Holyoke MA,63,81,75,67,78
Norfolk-Portsmouth-Newport News VA,67,56,73,64,61
Greenville-New Bern-Washington NC,75,53,72,64,62
Columbia SC,64,79,83,68,70
Toledo OH,75,60,77,69,72
West Palm Beach-Ft. Pierce FL,57,48,71,71,54
Watertown NY,71,48,70,61,65
Wilmington NC,63,60,64,68,67
Lansing MI,65,80,73,64,68
Presque Isle ME,94,98,82,81,88
Marquette MI,70,61,77,63,79
Wheeling WV-Steubenville OH,76,60,79,74,75
Syracuse NY,69,73,74,69,71
Richmond-Petersburg VA,60,63,79,66,66
Knoxville TN,79,54,75,70,69
Lima OH,82,52,83,70,76
Bluefield-Beckley-Oak Hill WV,100,65,89,76,83
Raleigh-Durham (Fayetteville) NC,63,69,75,67,61
Jacksonville FL,61,59,75,65,57
Grand Rapids-Kalamazoo-Battle Creek MI,67,61,70,65,74
Charleston-Huntington WV,92,54,84,78,84
Elmira NY,84,60,72,64,69
Harrisburg-Lancaster-Lebanon-York PA,76,59,73,69,68
Greenville-Spartanburg SC-Asheville NC-Anderson SC,70,55,69,68,66
Harrisonburg VA,69,73,71,61,66
Florence-Myrtle Beach SC,69,26,61,61,54
Ft. Myers-Naples FL,68,43,64,76,52
Roanoke-Lynchburg VA,13,17,28,22,15
Johnstown-Altoona PA,71,78,68,71,78
Chattanooga TN,74,53,70,66,65
Salisbury MD,69,67,73,71,63
Wilkes Barre-Scranton PA,84,54,74,74,76
Terre Haute IN,80,74,76,66,73
Lafayette IN,52,95,72,61,69
Alpena MI,95,0,62,67,85
Charlottesville VA,62,68,74,73,68
South Bend-Elkhart IN,69,60,68,63,68
Gainesville FL,66,99,85,72,65
Zanesville OH,83,53,48,73,67
Parkersburg WV,93,38,100,76,77
Clarksburg-Weston WV,88,58,83,70,83
Corpus Christi TX,75,61,80,61,68
Chicago IL,63,46,64,63,57
Joplin MO-Pittsburg KS,70,56,68,67,68
Columbia-Jefferson City MO,73,87,75,67,62
Topeka KS,71,75,69,57,64
Dothan AL,75,41,74,71,63
St. Louis MO,70,50,70,67,62
Rockford IL,75,52,68,66,73
Rochester MN-Mason City IA-Austin MN,76,100,95,100,75
Shreveport LA,74,62,83,66,63
Minneapolis-St. Paul MN,64,56,69,62,66
Kansas City MO,66,55,75,68,65
Milwaukee WI,64,55,71,65,65
Houston TX,61,40,67,62,50
Springfield MO,79,58,74,66,72
New Orleans LA,68,50,69,63,55
Dallas-Ft. Worth TX,66,38,65,56,53
Sioux City IA,68,58,68,62,73
Waco-Temple-Bryan TX,71,66,69,56,64
Victoria TX,81,0,72,66,51
Wichita Falls TX & Lawton OK,82,53,75,60,75
Monroe LA-El Dorado AR,67,78,83,69,65
Birmingham AL,70,63,76,69,67
Ottumwa IA-Kirksville MO,65,94,92,68,97
Paducah KY-Cape Girardeau MO-Harrisburg-Mount Vernon IL,81,64,79,69,74
Odessa-Midland TX,77,48,67,54,60
Amarillo TX,81,45,75,61,65
Austin TX,61,44,67,56,53
Harlingen-Weslaco-Brownsville-McAllen TX,42,54,73,54,45
Cedar Rapids-Waterloo-Iowa City & Dubuque IA,71,70,77,68,69
St. Joseph MO,81,57,84,64,67
Jackson TN,80,78,85,83,71
Memphis TN,67,62,78,67,58
San Antonio TX,66,47,76,59,53
Lafayette LA,70,48,64,59,62
Lake Charles LA,79,46,66,66,64
Alexandria LA,91,58,68,62,66
Greenwood-Greenville MS,67,86,85,71,74
Champaign & Springfield-Decatur IL,64,85,77,67,67
Evansville IN,81,64,79,68,75
Oklahoma City OK,72,45,68,63,55
Lubbock TX,76,57,74,56,66
Omaha NE,74,53,73,64,58
Panama City FL,71,44,73,63,50
Sherman TX-Ada OK,77,63,75,65,64
Green Bay-Appleton WI,65,59,60,63,72
Nashville TN,76,51,72,70,61
San Angelo TX,77,51,80,62,66
Abilene-Sweetwater TX,74,65,80,60,78
Madison WI,72,48,64,64,59
Ft. Smith-Fayetteville-Springdale-Rogers AR,71,53,64,60,69
Tulsa OK,44,32,51,43,41
Columbus-Tupelo-West Point MS,67,81,76,62,70
Peoria-Bloomington IL,73,66,71,67,67
Duluth MN-Superior WI,75,61,76,68,78
Wichita-Hutchinson KS,72,51,70,65,68
Des Moines-Ames IA,75,63,71,61,71
Davenport IA-Rock Island-Moline IL,80,67,73,65,69
Mobile AL-Pensacola (Ft. Walton Beach) FL,74,46,77,68,60
Minot-Bismarck-Dickinson(Williston) ND,80,36,68,62,64
Huntsville-Decatur (Florence) AL,74,48,71,70,65
Beaumont-Port Arthur TX,68,56,70,65,67
Little Rock-Pine Bluff AR,74,61,77,67,74
Montgomery (Selma) AL,72,55,83,80,67
La Crosse-Eau Claire WI,75,80,73,67,78
Wausau-Rhinelander WI,75,68,69,66,69
Tyler-Longview(Lufkin & Nacogdoches) TX,74,55,80,61,70
Hattiesburg-Laurel MS,80,69,74,63,73
Meridian MS,67,72,80,68,63
Baton Rouge LA,72,58,70,62,64
Quincy IL-Hannibal MO-Keokuk IA,73,83,90,71,87
Jackson MS,71,69,79,72,61
Lincoln & Hastings-Kearney NE,71,66,70,61,75
Fargo-Valley City ND,75,59,78,63,75
Sioux Falls(Mitchell) SD,75,68,89,72,75
Jonesboro AR,78,60,73,67,100
Bowling Green KY,78,41,64,64,56
Mankato MN,63,96,64,57,72
North Platte NE,64,0,79,71,76
Anchorage AK,62,48,72,54,56
Honolulu HI,65,55,65,59,56
Fairbanks AK,69,56,73,49,77
Biloxi-Gulfport MS,79,56,74,64,62
Juneau AK,76,0,70,49,66
Laredo TX,50,49,74,59,61
Denver CO,62,52,60,57,59
Colorado Springs-Pueblo CO,69,49,69,58,67
Phoenix AZ,67,56,72,63,59
Butte-Bozeman MT,74,53,66,59,64
Great Falls MT,61,42,65,57,79
"Billings, MT",74,58,70,63,67
Boise ID,68,60,70,56,67
Idaho Falls-Pocatello ID,73,88,90,54,80
Cheyenne WY-Scottsbluff NE,77,60,69,63,65
Twin Falls ID,59,67,69,56,83
Missoula MT,62,59,73,61,67
Rapid City SD,73,52,67,56,76
El Paso TX,52,59,77,50,53
Helena MT,83,50,90,63,61
Casper-Riverton WY,63,58,71,58,71
Salt Lake City UT,67,58,72,54,67
Yuma AZ-El Centro CA,64,72,72,58,65
Grand Junction-Montrose CO,65,53,75,63,71
Tucson (Sierra Vista) AZ,68,62,77,66,68
Albuquerque-Santa Fe NM,67,53,76,62,64
Glendive MT,0,0,0,72,0
Bakersfield CA,67,60,75,58,60
Eugene OR,66,70,70,59,66
Eureka CA,59,51,60,59,74
Los Angeles CA,58,52,63,57,55
Palm Springs CA,59,43,64,69,58
San Francisco-Oakland-San Jose CA,53,43,61,57,50
Yakima-Pasco-Richland-Kennewick WA,70,57,83,61,62
Reno NV,69,57,65,57,57
Medford-Klamath Falls OR,68,62,71,60,63
Seattle-Tacoma WA,61,45,64,57,57
Portland OR,44,42,57,46,45
Bend OR,63,54,62,67,59
San Diego CA,60,57,68,60,54
Monterey-Salinas CA,51,72,56,55,62
Las Vegas NV,65,43,70,58,53
Santa Barbara-Santa Maria-San Luis Obispo CA,57,56,57,57,63
Sacramento-Stockton-Modesto CA,62,58,73,61,61
Fresno-Visalia CA,67,58,65,61,64
Chico-Redding CA,67,60,66,62,67
Spokane WA,70,66,68,61,67
